{
  "r2": 0.8719178710880264,
  "mae": 2437.3353052165153,
  "rmse": 4459.213836580356
}